{"atoms": {"coords": {"3d": [[1.208995, -0.056447, 2.319079], [0.097037, -0.742342, 2.374182], [2.038902, -0.132529, 1.43526], [-0.542349, -0.041626, 5.719692], [-0.575633, -1.229482, 6.069369], [0.640706, 0.363733, 5.678614], [-1.192228, 0.66647, 6.518487], [1.341532, 0.636241, 3.19142], [-1.20216, 0.053744, 4.329507], [-0.465006, -0.449687, 3.231394], [-1.366461, 0.987555, 4.156071]]}, "elements": {"atom count": 11, "heavy atom count": 5, "number": [6, 8, 8, 5, 1, 1, 1, 1, 8, 1, 1]}}, "chemical json": 0, "convergence": {"scf": {"targets": {"energy change": 1e-08, "max density change": 1e-07, "rms density change": 5e-09}, "values": {"energy change": [0.0, -0.027866510673, -0.016345801165, -0.010261106153, -0.006958896803, -0.0161478416, -3.98515e-05, -1.11236e-05, -1.4657e-06, -1.3176e-06, -1.02e-08, -1.88e-08, -3.3043e-10], "max density change": [0.02126995, 0.01698518, 0.01289865, 0.01096771, 0.02845554, 0.000969, 0.000923, 0.001173, 0.000386, 4.4e-05, 1.9e-05, 9e-06, 4.6722e-06], "rms density change": [0.00062129, 0.00054238, 0.00039006, 0.00027431, 0.00068531, 0.002937, 0.001966, 0.001431, 0.000487, 7.4e-05, 3.2e-05, 7e-06, 1.3269e-07]}}}, "input parameters": {"basis": "def2-tzvp", "dispersion": "d3bj", "functional": "wb97x-d3bj", "options": ["grid4", "tightscf"], "package": "orca", "task": "energy", "theory": "dft", "version": "4.2.0"}, "name": "out-example-calculation-p", "properties": {"charge": -1, "energy": {"alpha": {"gap": 11.7065011168203, "homo": -5.0561202447554505}, "beta": {"gap": 11.7065011168203, "homo": -5.0561202447554505}, "dispersion": -0.2696803907577486, "energy units": "eV", "scf": -7959.819841441988, "total": -7960.089521832745}, "multiplicity": 1, "number of atoms": 11, "total dipole moment": 4.656141491506972}}